approach,tolerance,ratio,asr,time
adaptive,0.08,0,0.0050,10.6893136s
adaptive,0.08,10,0.0007,19.9220645s
adaptive,0.08,20,0.0001,35.8114092s
adaptive,0.09,0,0.0035,7.4321095s
adaptive,0.09,10,0.0000,18.4867657s
adaptive,0.09,20,0.0002,36.0313203s
adaptive,0.10,0,0.0030,6.4399387s
adaptive,0.10,10,0.0000,18.5633016s
adaptive,0.10,20,0.0002,35.9416755s
