approach,tolerance,ratio,asr,time
none,0.00,0,0.9990,1m40.6983377s
none,0.00,10,0.8870,1m50.1978587s
none,0.00,20,0.7990,1m53.0870907s
none,0.00,30,0.7000,1m53.4700544s
none,0.00,40,0.6050,1m56.2270908s
none,0.00,50,0.5120,1m59.785046s
none,0.00,60,0.4280,2m3.8293096s
none,0.00,70,0.2870,1m57.500547s
none,0.00,80,0.2110,1m57.6811342s
none,0.00,90,0.1040,1m56.0714308s
