approach,tolerance,ratio,asr,time
adaptive,0.00,50,0.5053,9m48.6650184s
adaptive,0.20,50,0.5049,10m38.8750858s
adaptive,0.40,50,0.5045,10m32.2095776s
adaptive,0.60,50,0.5034,10m54.1882212s
adaptive,0.80,50,0.4932,10m39.4465684s
