approach,tolerance,ratio,asr,time
adaptive,0.05,0,0.1230,28.207965s
adaptive,0.05,10,0.0920,43.1839858s
adaptive,0.05,20,0.0880,1m0.8455971s
adaptive,0.05,30,0.0870,1m20.4487776s
adaptive,0.05,40,0.0730,1m34.4356395s
adaptive,0.05,50,0.0570,1m46.3786924s
adaptive,0.05,60,0.0450,1m59.1498712s
adaptive,0.05,70,0.0420,2m14.5972045s
adaptive,0.05,80,0.0270,2m24.1015695s
adaptive,0.05,90,0.0070,2m34.6551325s
