approach,tolerance,ratio,asr,time
adaptive,0.05,0,0.7600,2m52.8542634s
adaptive,0.05,10,0.6970,2m44.1433475s
adaptive,0.05,20,0.5750,2m40.3575822s
adaptive,0.05,30,0.5390,2m57.801557s
adaptive,0.05,40,0.4460,2m40.5565142s
adaptive,0.05,50,0.3810,2m54.3665726s
adaptive,0.05,60,0.3010,2m59.7847085s
adaptive,0.05,70,0.2080,2m53.0854958s
adaptive,0.05,80,0.1550,2m55.2979381s
adaptive,0.05,90,0.0760,2m50.6795774s
