approach,tolerance,ratio,asr,time
adaptive,0.05,0,0.3080,1m12.4451535s
adaptive,0.05,10,0.2550,1m21.6529955s
adaptive,0.05,20,0.2100,1m30.9120733s
adaptive,0.05,30,0.2040,1m48.3256174s
adaptive,0.05,40,0.1500,1m54.2630618s
adaptive,0.05,50,0.1420,2m9.0580823s
adaptive,0.05,60,0.1080,2m17.4917777s
adaptive,0.05,70,0.0880,2m26.9377406s
adaptive,0.05,80,0.0610,2m36.760794s
adaptive,0.05,90,0.0300,2m41.5423315s
