approach,tolerance,ratio,asr,time
adaptive,0.05,0,0.7640,3m1.1958802s
adaptive,0.05,10,0.6930,3m3.2124649s
adaptive,0.05,20,0.6110,3m4.254563s
adaptive,0.05,30,0.5080,3m2.8099058s
adaptive,0.05,40,0.4630,3m7.9963169s
adaptive,0.05,50,0.3570,2m59.2016856s
adaptive,0.05,60,0.3080,3m2.1331159s
adaptive,0.05,70,0.2190,2m58.5292753s
adaptive,0.05,80,0.1680,3m2.4635138s
adaptive,0.05,90,0.0790,2m53.5238865s
