approach,tolerance,ratio,asr,time
adaptive,0.05,0,0.0080,2.257966s
adaptive,0.05,10,0.0060,23.0351196s
adaptive,0.05,20,0.0060,42.9988081s
adaptive,0.05,30,0.0070,1m1.0636254s
adaptive,0.05,40,0.0030,1m18.3092235s
adaptive,0.05,50,0.0010,1m34.0070102s
adaptive,0.05,60,0.0010,1m49.0546786s
adaptive,0.05,70,0.0010,2m5.1672939s
adaptive,0.05,80,0.0010,2m18.4855891s
adaptive,0.05,90,0.0000,2m34.1377994s
