approach,tolerance,ratio,asr,time
adaptive,0.05,0,0.0100,2.6824574s
adaptive,0.05,10,0.0000,21.2768109s
adaptive,0.05,20,0.0010,42.0916478s
adaptive,0.05,30,0.0000,58.5898645s
adaptive,0.05,40,0.0000,1m16.6183096s
adaptive,0.05,50,0.0000,1m33.6913174s
adaptive,0.05,60,0.0010,1m49.4461462s
adaptive,0.05,70,0.0000,2m5.3250666s
adaptive,0.05,80,0.0000,2m19.6394462s
adaptive,0.05,90,0.0000,2m31.5161109s
