approach,tolerance,ratio,asr,time
adaptive,0.05,0,0.1810,42.218515s
adaptive,0.05,10,0.1530,55.94094s
adaptive,0.05,20,0.1430,1m14.6218421s
adaptive,0.05,30,0.1530,1m34.7622242s
adaptive,0.05,40,0.1040,1m40.9916343s
adaptive,0.05,50,0.1090,1m58.2223639s
adaptive,0.05,60,0.0870,2m9.5355796s
adaptive,0.05,70,0.0590,2m17.0641455s
adaptive,0.05,80,0.0310,2m29.6170018s
adaptive,0.05,90,0.0210,2m36.9543242s
