approach,tolerance,ratio,asr,time
adaptive,0.05,0,0.3950,1m31.9804321s
adaptive,0.05,10,0.3590,1m45.5111194s
adaptive,0.05,20,0.3360,2m1.2015429s
adaptive,0.05,30,0.2900,2m7.5610948s
adaptive,0.05,40,0.2580,2m20.3583956s
adaptive,0.05,50,0.2170,2m25.3257418s
adaptive,0.05,60,0.1710,2m32.2270299s
adaptive,0.05,70,0.1230,2m34.644104s
adaptive,0.05,80,0.0740,2m39.0223426s
adaptive,0.05,90,0.0350,2m43.6671754s
