approach,tolerance,ratio,asr,time
adaptive,0.05,0,0.5950,2m18.1835977s
adaptive,0.05,10,0.5020,2m16.7370393s
adaptive,0.05,20,0.4500,2m25.2052241s
adaptive,0.05,30,0.3970,2m23.0676805s
adaptive,0.05,40,0.3790,2m26.0523068s
adaptive,0.05,50,0.3150,2m29.2869567s
adaptive,0.05,60,0.2480,2m44.848931s
adaptive,0.05,70,0.1630,2m40.6924152s
adaptive,0.05,80,0.1150,2m45.2082517s
adaptive,0.05,90,0.0620,2m46.6704446s
