approach,tolerance,ratio,asr,time
adaptive,0.05,0,0.0310,7.4283862s
adaptive,0.05,10,0.0220,25.7330593s
adaptive,0.05,20,0.0200,45.9164229s
adaptive,0.05,30,0.0200,1m4.6933694s
adaptive,0.05,40,0.0120,1m19.9337803s
adaptive,0.05,50,0.0170,1m37.7282598s
adaptive,0.05,60,0.0050,1m50.1096836s
adaptive,0.05,70,0.0080,2m6.5740881s
adaptive,0.05,80,0.0030,2m18.9378527s
adaptive,0.05,90,0.0020,2m33.9725809s
