approach,tolerance,ratio,asr,time
adaptive,0.05,0,0.2990,1m8.2449674s
adaptive,0.05,10,0.2370,1m15.8139407s
adaptive,0.05,20,0.2460,1m37.4864843s
adaptive,0.05,30,0.1940,1m44.1744944s
adaptive,0.05,40,0.1770,1m57.0085444s
adaptive,0.05,50,0.1510,2m7.7165939s
adaptive,0.05,60,0.1060,2m13.3370524s
adaptive,0.05,70,0.0840,2m23.3355575s
adaptive,0.05,80,0.0740,2m34.7302088s
adaptive,0.05,90,0.0290,2m39.2153558s
