approach,tolerance,ratio,asr,time
adaptive,0.05,0,0.0320,7.5718476s
adaptive,0.05,10,0.0170,25.6208422s
adaptive,0.05,20,0.0050,40.9399949s
adaptive,0.05,30,0.0040,59.9851953s
adaptive,0.05,40,0.0010,1m16.4980475s
adaptive,0.05,50,0.0000,1m31.8594175s
adaptive,0.05,60,0.0000,1m48.1036038s
adaptive,0.05,70,0.0010,2m3.2956671s
adaptive,0.05,80,0.0000,2m16.8721182s
adaptive,0.05,90,0.0000,2m31.5748183s
