approach,tolerance,ratio,asr,time
adaptive,0.05,0,0.1140,26.8265444s
adaptive,0.05,10,0.1140,48.658418s
adaptive,0.05,20,0.0980,1m4.3288272s
adaptive,0.05,30,0.0750,1m20.5343277s
adaptive,0.05,40,0.0560,1m31.7977663s
adaptive,0.05,50,0.0490,1m45.7685105s
adaptive,0.05,60,0.0520,2m2.2529199s
adaptive,0.05,70,0.0360,2m13.5422857s
adaptive,0.05,80,0.0280,2m25.0706118s
adaptive,0.05,90,0.0090,2m34.2771836s
