approach,tolerance,ratio,asr,time
adaptive,0.05,0,0.9990,4m6.1604186s
adaptive,0.05,10,0.8880,4m5.5485949s
adaptive,0.05,20,0.8230,4m0.6211394s
adaptive,0.05,30,0.6980,4m2.6264142s
adaptive,0.05,40,0.5900,3m50.9761669s
adaptive,0.05,50,0.5010,3m29.8101855s
adaptive,0.05,60,0.4090,3m29.7209254s
adaptive,0.05,70,0.3020,3m31.260624s
adaptive,0.05,80,0.2040,3m4.9289078s
adaptive,0.05,90,0.1080,3m6.7733741s

