approach,tolerance,ratio,asr,time
adaptive,0.05,0,0.0950,21.7734726s
adaptive,0.05,10,0.0610,35.8529627s
adaptive,0.05,20,0.0440,51.3011644s
adaptive,0.05,30,0.0460,1m10.1597129s
adaptive,0.05,40,0.0400,1m26.0492219s
adaptive,0.05,50,0.0330,1m41.3935477s
adaptive,0.05,60,0.0290,1m55.1189833s
adaptive,0.05,70,0.0190,2m8.8230021s
adaptive,0.05,80,0.0090,2m19.7035195s
adaptive,0.05,90,0.0100,2m35.7436765s
