approach,tolerance,ratio,asr,time
adaptive,0.05,0,0.0510,12.0066571s
adaptive,0.05,10,0.0330,28.9753014s
adaptive,0.05,20,0.0230,46.0566124s
adaptive,0.05,30,0.0210,1m4.6021433s
adaptive,0.05,40,0.0130,1m20.9451812s
adaptive,0.05,50,0.0120,1m36.1215779s
adaptive,0.05,60,0.0120,1m51.8306482s
adaptive,0.05,70,0.0100,2m6.7102595s
adaptive,0.05,80,0.0060,2m20.1534822s
adaptive,0.05,90,0.0010,2m31.8426082s
