approach,tolerance,ratio,asr,time
adaptive,0.05,0,0.0340,8.3461241s
adaptive,0.05,10,0.0190,26.1097704s
adaptive,0.05,20,0.0130,43.7609149s
adaptive,0.05,30,0.0030,1m0.1183756s
adaptive,0.05,40,0.0070,1m19.4078131s
adaptive,0.05,50,0.0030,1m33.7446597s
adaptive,0.05,60,0.0010,1m48.1340872s
adaptive,0.05,70,0.0000,2m3.4950575s
adaptive,0.05,80,0.0010,2m18.3234108s
adaptive,0.05,90,0.0010,2m30.3404614s
