approach,tolerance,ratio,asr,time
adaptive,0.05,0,0.4160,1m34.9865377s
adaptive,0.05,10,0.3910,1m50.9160188s
adaptive,0.05,20,0.3210,1m54.6875435s
adaptive,0.05,30,0.2930,2m6.8942794s
adaptive,0.05,40,0.2550,2m14.4777758s
adaptive,0.05,50,0.1920,2m18.0258569s
adaptive,0.05,60,0.1730,2m28.0302185s
adaptive,0.05,70,0.1220,2m32.7247214s
adaptive,0.05,80,0.0840,2m36.7752944s
adaptive,0.05,90,0.0470,2m43.9008935s
