approach,tolerance,ratio,asr,time
adaptive,0.05,0,0.6070,2m22.3321582s
adaptive,0.05,10,0.4990,2m19.1021952s
adaptive,0.05,20,0.4530,2m29.3162127s
adaptive,0.05,30,0.4290,2m40.5716015s
adaptive,0.05,40,0.3660,2m44.8199623s
adaptive,0.05,50,0.2710,2m37.8052462s
adaptive,0.05,60,0.2410,2m48.5316151s
adaptive,0.05,70,0.1750,2m47.7123904s
adaptive,0.05,80,0.1340,2m51.7407032s
adaptive,0.05,90,0.0570,2m49.9275912s
