approach,tolerance,ratio,asr,time
adaptive,0.05,0,0.1890,44.3681028s
adaptive,0.05,10,0.1560,59.0570542s
adaptive,0.05,20,0.1670,1m21.9187282s
adaptive,0.05,30,0.1290,1m29.9125352s
adaptive,0.05,40,0.1250,1m48.0932198s
adaptive,0.05,50,0.0780,1m54.9363654s
adaptive,0.05,60,0.0710,2m7.5474536s
adaptive,0.05,70,0.0560,2m19.8430131s
adaptive,0.05,80,0.0290,2m28.0744666s
adaptive,0.05,90,0.0240,2m42.8314646s
