approach,tolerance,ratio,asr,time
adaptive,0.05,0,0.0720,16.9649466s
adaptive,0.05,10,0.0550,33.9828446s
adaptive,0.05,20,0.0450,51.8569044s
adaptive,0.05,30,0.0420,1m10.6459518s
adaptive,0.05,40,0.0320,1m24.2561485s
adaptive,0.05,50,0.0290,1m39.4073502s
adaptive,0.05,60,0.0240,1m54.5745581s
adaptive,0.05,70,0.0150,2m6.6662577s
adaptive,0.05,80,0.0070,2m20.5802782s
adaptive,0.05,90,0.0070,2m34.6278761s
